[
	{
		"id": 35,
		"name": "layer3",
		"layerFrame": {
			"x": 0,
			"y": 0,
			"width": 320,
			"height": 400
		},
		"maskFrame": null,
		"image": {
			"path": "images/layer3.png",
			"frame": {
				"x": 0,
				"y": 0,
				"width": 320,
				"height": 400
			}
		},
		"imageType": "png",
		"children": [
			
		],
		"modification": "1099402155"
	},
	{
		"id": 26,
		"name": "layer2",
		"layerFrame": {
			"x": 0,
			"y": 0,
			"width": 320,
			"height": 400
		},
		"maskFrame": null,
		"image": {
			"path": "images/layer2.png",
			"frame": {
				"x": 0,
				"y": 0,
				"width": 320,
				"height": 400
			}
		},
		"imageType": "png",
		"children": [
			
		],
		"modification": "1912709565"
	},
	{
		"id": 3,
		"name": "layer1",
		"layerFrame": {
			"x": 0,
			"y": 0,
			"width": 320,
			"height": 400
		},
		"maskFrame": null,
		"image": {
			"path": "images/layer1.png",
			"frame": {
				"x": 0,
				"y": 0,
				"width": 320,
				"height": 400
			}
		},
		"imageType": "png",
		"children": [
			
		],
		"modification": "620232098"
	}
]